{"mean": [46.52039555006181, 334.4412855377009, 4.552835995055624], "scale": [57.05010390300931, 986.0795139030431, 10.824401690402746]}
